{"DD":8667.93292247748,"CB":9826.545801576245,"DA":9479.488374510122,"BH":9991.695151424501,"DG":10111.618953610136,"DT":8704.738637059048,"BA":10533.729761768527,"CO":9316.97026059363,"DL":8688.71039017299,"DH":9331.6051407483,"BR":7297.883513399002,"B":9526.32086643591,"DE":7504.901895612396,"CV":10002.259565328297,"AB":8691.52487541036,"CH":11936.041445034009,"BB":9480.808478278921,"CF":8803.176296230247,"CA":10117.797261558737,"AL":9476.02538581637,"CR":7863.01194747223,"CM":8764.546507761626,"BL":10654.585505815568,"BN":10940.789914540717,"CT":8081.089556755883,"DN":8983.438398313554,"GL":12205.334907372762,"EN":7588.017061064522,"HD":9045.204374836103,"FY":9600.1701954324,"BD":9798.524819588381,"HS":10213.177149476884,"EH":6993.8833054030865,"E":9520.996071962234,"G":7124.522101404325,"HA":10543.446508062152,"DY":9521.084670909977,"HG":7868.058279446925,"FK":8169.154489740152,"EC":7716.622164382783,"M":8431.597369994208,"IP":13493.437678605786,"EX":10532.704189409891,"GU":8938.047188959648,"KY":8923.24128338785,"BS":9807.393971278168,"IG":9870.657254000169,"HX":9721.789512990741,"KA":8042.408791435661,"LN":9324.868917210162,"KT":9216.587339778805,"LA":9950.302617289717,"IV":9497.018606692016,"HR":12279.471336726981,"ME":9891.239426980443,"HU":8027.40252476499,"LS":7969.44323200934,"HP":9779.144686834661,"NE":9092.035560343511,"PO":9935.126398238075,"L":8693.935667975888,"PA":8176.809660889239,"NP":6158.561392219048,"KW":10200.086527586383,"LL":10789.463558327714,"NR":10123.136174130384,"CW":10069.145463353565,"PL":11432.84872247538,"N":9742.691840077296,"MK":8739.698496007322,"NW":8833.717343014912,"NG":6762.999908322632,"RG":9107.718760753318,"OX":10527.971941873084,"NN":10394.44863562759,"RH":9017.208422943157,"SN":10512.814624358021,"LD":10665.491743404942,"RM":10394.622681277899,"OL":9168.167426698821,"LE":10925.700469203639,"TS":10152.109379670295,"SE":9467.00555150441,"SL":10906.922452309009,"WC":8850.05246099751,"TA":13109.86488815066,"SS":8689.147816552018,"PE":10183.116482905793,"ML":7927.917575377944,"SG":8361.6399250414,"TW":8713.572030652804,"SR":8900.743080385762,"TQ":12036.209244165493,"SA":10106.72287776548,"WD":7797.699956349907,"TN":11175.895383631803,"LU":9364.048946258465,"S":8902.965172499136,"TF":8113.382072263154,"SO":9472.37188017279,"SK":9827.024866867905,"SY":9895.055068101667,"WA":9948.61950480011,"TD":9612.802460733612,"WV":6619.631568301966,"PH":9529.535616807923,"SP":11520.885587576933,"ZE":9051.976671171728,"W":9875.141719911255,"WN":9290.554345920475,"SW":9959.828816986124,"WR":11403.828783463647,"UB":9294.734283828295,"PR":9043.754983734601,"WS":8946.706245769867,"TR":13592.054259120125,"WF":9048.437371779657,"ST":9558.046412974703,"YO":10086.695562916238,"SM":8227.369104444426}

