{"AB":21622.789740816897,"BH":23780.218994530787,"DH":23114.47684522749,"CW":24468.59164701542,"DE":18797.88208438761,"CO":23027.198820003905,"B":22325.98064002419,"BL":25798.74484460319,"EX":25340.05512648719,"DL":21710.518860105665,"CR":20071.080044219303,"BA":25284.49695222818,"CH":28198.610108012577,"DY":23249.489556415592,"CB":24157.033768118705,"FY":23614.245034582727,"EC":18476.658356406988,"BB":23569.05755769235,"CM":21723.929327822912,"DG":24658.103697411014,"BR":18193.108504321848,"CF":22293.118027619115,"HG":20087.70778161247,"AL":23060.41431500564,"HS":24670.07486505378,"E":24047.907739513925,"DA":23328.382281735216,"IG":24469.027228134317,"GU":22007.679549203953,"DD":21423.780714953813,"BD":24821.850652013687,"G":18492.916414094096,"CT":19956.71196391536,"GL":28687.512469126887,"IP":31799.10495695124,"CV":24566.85807547831,"EH":18115.013654242965,"EN":19324.84785403139,"KT":22513.955396889094,"HA":25403.377271558456,"HP":24069.11025720879,"IV":23270.808385130273,"FK":20606.174882333133,"HR":29119.830422431398,"KW":24385.492437471967,"HX":23780.8273203788,"HU":20176.46541004296,"KY":22082.91102993297,"KA":20036.72521675258,"BS":23909.226259773113,"L":21943.55201035637,"LA":23919.574299399355,"BN":26070.72712137711,"CA":24668.41686431212,"LN":23244.698014302263,"LE":26445.542903907404,"LD":25784.859865941413,"HD":22314.86360432763,"LL":26094.02613604521,"ME":24494.39809430548,"MK":21918.03008414077,"NR":24644.256406696473,"NN":25637.58152062009,"NG":17153.569875561094,"M":21418.911452020584,"DN":22706.896745413425,"NE":22688.37212010742,"LS":20433.886567803176,"ML":20609.858470429033,"N":24406.836324132542,"PE":25050.56290949794,"LU":23262.160796358843,"OX":25530.204917705552,"NW":21886.6109577247,"PO":24042.435629290947,"RG":22900.134807933795,"NP":16043.7781597309,"PH":23397.331773235284,"PR":22493.497984020123,"OL":22933.716053665972,"RH":22327.771896286897,"PL":27429.539628051072,"PA":20527.088076886495,"RM":25559.844614880018,"SO":23127.10827582974,"SA":24790.611225500983,"SS":21358.89855951675,"SM":20028.074791519528,"S":22128.415168781583,"SP":28030.946889093604,"SE":22928.676168543287,"SK":23710.821397713105,"ST":23608.714989135227,"DT":21144.589148108927,"TS":25125.54382540036,"SN":25506.16795403586,"SW":23720.699719979708,"SR":22294.24625213116,"TQ":28469.052736938822,"SL":26480.08543923698,"SY":24219.060759068696,"TR":31425.645748292107,"TA":30711.820609105307,"TW":21614.647523509622,"SG":20979.024963269778,"WF":22753.69294294837,"TN":26701.78219546982,"TF":20534.705979205843,"WD":19711.630422957154,"UB":23511.26535317792,"TD":23652.45122899495,"YO":24625.956966733927,"WC":21270.14645238525,"W":23763.55643414768,"ZE":22019.233651671188,"WR":27222.49539830086,"WS":22346.211761921695,"WN":22880.935957961283,"WV":16726.452703274193,"WA":24306.96653670359}

