{"BA":14977.619081716546,"AL":13709.39693566839,"B":13311.969715997351,"BB":14329.023671611394,"BR":11074.191158039728,"AB":13245.957975655678,"BH":13856.75212803302,"BL":15381.919711420021,"BS":14348.226558015029,"CB":14536.339534559133,"BD":15259.851394665959,"CR":12474.3477477887,"CF":13703.11489118122,"CW":14536.877909700124,"CO":13969.974882092363,"CA":14744.541856397915,"CH":16447.884844838038,"CM":13247.224496815063,"HG":12497.9271609676,"KA":12271.350258572425,"WV":10601.80976454783,"IP":18458.064367135194,"EN":11956.319644845049,"N":14828.558865608984,"SM":11905.969727173813,"KW":14369.419150089876,"DE":11517.020044584318,"PL":16168.08335935444,"KT":13578.355918066234,"NG":10694.85818292086,"CV":14666.162822661814,"PE":15027.781176460068,"L":13476.097052029925,"PR":13699.178262385773,"UB":14377.183806564339,"TW":13112.36388174616,"WS":13481.885006331042,"PH":14071.379453139745,"WF":13939.203143600038,"WN":13739.753420230782,"TS":15172.694402218574,"DG":14751.933036570776,"PO":14231.002505883687,"DD":12894.859008870386,"BN":15279.872069040874,"SY":14496.96769014972,"TD":14269.427209408357,"W":14033.060242871012,"DY":13910.02590320874,"ZE":13131.303540577317,"CT":12210.974737329854,"EC":10880.3814007734,"LS":12851.213912850635,"FK":12717.179921334227,"LA":14102.851739402979,"ME":14802.079748031136,"SA":14860.835923087649,"ST":14183.933077649755,"HR":16965.27581618346,"WD":12129.372707812341,"SP":16680.943141806347,"DT":12777.131062552939,"WA":14592.175770260264,"NR":14661.211574333827,"SO":13888.113033077383,"SW":13921.939344628961,"HP":14522.835921785645,"NE":13849.766306150063,"HD":13518.064775553503,"FY":14222.378085914474,"TF":12687.41101725305,"YO":14758.692992317252,"SN":15253.439643178428,"TA":17710.347992887077,"GL":16628.07982342767,"DN":13927.535034230472,"G":11801.293675417635,"RH":13482.762237276569,"S":13408.503328041135,"HX":14178.787399370904,"EH":11440.100991766049,"RM":15291.21619978255,"LL":15518.462848177976,"SR":13590.471116685332,"KY":13320.907883114756,"TQ":16581.845124564334,"GU":13247.875024444495,"LN":14073.128121864444,"E":14752.596591235511,"PA":12627.031446100389,"M":13277.341929369264,"NW":13264.62199839195,"DH":13948.999150095426,"EX":14975.572140013672,"HS":14600.02852258097,"OL":13946.762795312126,"NN":15401.449718167374,"TN":15620.225936422088,"ML":12990.962857236962,"OX":15287.119317789922,"SE":13527.11873242707,"DA":13967.442644261833,"NP":10295.598528840272,"LU":14156.099269595554,"LD":15365.291641965463,"WC":12595.59411186886,"LE":15659.118321145172,"MK":13333.9216902628,"HU":12423.851499122025,"SG":12855.325648604015,"DL":13358.277110696055,"IV":14025.154209715887,"IG":14829.790742810941,"SL":15751.171256816599,"WR":16064.161805360596,"SS":12946.728130594343,"SK":14057.031670187576,"RG":14002.508846602532,"HA":14986.35842594617,"TR":17936.549935197338}

