{"BL":17964.44992042279,"CT":14528.538501586909,"BA":17391.80063459735,"B":15620.31203436575,"CH":18853.284200001577,"AL":15930.634250203224,"BR":13103.654419899076,"BH":15849.059780513508,"AB":15802.583152587153,"BB":16951.688147197245,"CR":15000.844583247925,"CM":15728.067422187225,"DD":15127.871523783366,"E":17585.69353105739,"DY":16250.631790469884,"BS":16849.12477815845,"DG":17231.058040024167,"DH":16387.06438699478,"CB":17067.70391655715,"CO":16513.250779199065,"DE":13721.49611035892,"BD":18171.170912005626,"CV":17073.987135108764,"DA":16318.753904451502,"CW":16892.628773949833,"CF":16343.765420222226,"EX":17350.791508256778,"BN":17581.498083781065,"HA":17316.957636296534,"HU":14850.229678186433,"FK":15244.135281313722,"EH":13936.189817357183,"FY":16697.969196105987,"DL":15976.661700561108,"DN":16573.40169707799,"KY":15659.12352978107,"IP":21057.790616220227,"HX":16500.385021152633,"L":16065.496867075592,"HG":15046.083785020102,"G":14548.788277333892,"EC":12582.707725549457,"KA":14643.928988838432,"GU":15556.52793934507,"KW":16616.570216771903,"DT":15109.455314840452,"HS":16905.348212971334,"IG":17507.57503552158,"GL":18945.489643568708,"LE":18129.36548614056,"LA":16306.704194904967,"LD":17908.84314061851,"EN":14336.038271180074,"HP":17103.886895246196,"CA":17201.02184579545,"HR":19404.184161742072,"KT":16017.366127395002,"LN":16578.35785009091,"IV":16514.86857379726,"HD":15982.5610334445,"ML":15807.307572595812,"LL":18049.44694347812,"N":17528.86815795555,"NP":12613.639341514552,"NW":15682.82018268948,"NG":12833.93097690896,"LS":15627.765577865619,"MK":15732.492066997593,"NR":17048.425307688867,"LU":16817.549445720517,"M":15951.330310313188,"PL":18676.822944194977,"ME":17433.477717538713,"PO":16477.383041792444,"SE":15604.45272617017,"SP":19402.773159646065,"NN":18052.91041198016,"OL":16484.308738234402,"SL":18328.341476102825,"SG":15324.330144423608,"SW":16062.083324194386,"SN":17837.305018872023,"WF":16585.99986192115,"RH":15857.193913818772,"NE":16447.429128627293,"TS":17853.893784675747,"SK":16308.763479698116,"WA":17105.964755079305,"PR":16253.090879412955,"SA":17376.214695352377,"PA":15084.48930818476,"TR":20195.652390474752,"ZE":15301.099526497486,"PH":16530.374039680162,"TQ":18976.715127881467,"SR":16113.186958595956,"TD":16784.630362366006,"SS":15338.262952767373,"TW":15502.465487797434,"WD":14482.11017948844,"S":15796.550697983948,"TA":20099.09003859887,"UB":17055.173493263017,"TN":17925.387382782905,"SO":16300.536533130418,"ST":16580.032886842888,"RM":17846.144307745333,"SY":16937.114467499334,"WN":16076.336527056004,"TF":15165.830857294859,"SM":13829.004934399625,"WR":18612.081394724686,"YO":17276.44379022637,"WS":15833.841142626752,"WC":14645.721598683354,"OX":17925.368809657364,"WV":12968.344436355463,"PE":17586.533911112816,"W":16260.872554778458,"RG":16618.278864277134}

