{"BH":17846.825810124094,"BN":19894.639474713604,"CR":17547.149931513806,"AL":18163.83112148906,"BB":19581.7238922072,"DA":18685.817467456363,"DG":19716.975166774733,"BL":20554.055554655715,"BD":21090.46664720099,"CT":16852.45175560909,"CB":19606.292854175168,"CV":19488.798231050492,"AB":18366.212782058108,"B":17935.437435597858,"CW":19256.38441933897,"BA":19812.71523446196,"DT":17456.697227244404,"DY":18597.65029660021,"DL":18619.37630363243,"CM":18216.94691167924,"BS":19376.10597832328,"DH":18832.1504887801,"DD":17367.00188120291,"CF":19006.71276326877,"DN":19229.687105632624,"BR":15143.0686284524,"DE":15939.102739783435,"EX":19736.70099126434,"EH":16444.760144725195,"HD":18453.80933587764,"E":20431.02545326503,"HG":17601.22166009736,"GL":21270.780452304556,"FY":19180.342747695267,"EC":14292.147074197672,"HA":19673.316980977983,"CH":21265.50780074756,"FK":17785.896446977655,"CO":19064.040908420466,"G":17308.106994534537,"EN":16723.275285558277,"KW":18872.376532564118,"HR":21849.77444797341,"HP":19697.392210910795,"CA":19665.22125873972,"IV":19012.046600678113,"HX":18828.848311914804,"HS":19219.86711882797,"GU":17871.50593072484,"IG":20197.51612651248,"IP":23668.41914672668,"LA":18519.208385504873,"LS":18411.924233743717,"LN":19097.43016867242,"KT":18470.99586315975,"KA":17030.243099024945,"LE":20606.38045158802,"M":18636.65332875279,"ME":20072.08499655178,"L":18668.069938066496,"N":20247.10150779819,"MK":18137.633869422116,"LD":20459.36327351452,"HU":17283.537934845317,"LU":19486.29126616371,"LL":20587.82339362694,"NN":20712.242788456784,"NP":14938.364427106113,"NE":19065.098032341197,"NG":14978.864244305221,"PE":20152.296927230367,"KY":18003.745246712257,"PL":21193.004301751316,"PH":18996.105597690563,"NR":19444.237425229203,"NW":18122.754503747605,"ML":18635.88959362618,"OL":19028.806861822177,"OX":20576.511646205476,"PA":17548.679931535127,"PR":18814.86724423629,"SA":19901.81674922224,"RH":18238.130882625483,"RM":20408.072218743673,"SK":18566.6644174539,"SG":17803.435669019855,"PO":18731.023656990248,"SM":15759.201672971949,"SL":20914.273293101316,"RG":19251.92091980421,"TA":22494.37658306595,"SE":17699.940945038514,"SN":20428.249477786674,"SS":17739.785792616876,"SR":18642.934179901153,"S":18198.12721833468,"WA":19627.40200719444,"TD":19307.004733834743,"SY":19383.94657848556,"SP":22151.006859106845,"SO":18731.614695765893,"W":18508.59014620776,"TW":17903.386424853757,"WC":16701.51791712081,"ST":18982.697353047504,"TR":22466.245630330304,"TF":17651.040888679265,"WD":16845.096890107976,"TS":20542.438918865802,"UB":19749.492042391135,"WR":21167.495407011666,"WS":18192.240994364372,"TQ":21378.392166733604,"SW":18214.50792327066,"WV":15341.54555308439,"YO":19812.57848764848,"ZE":17491.641628689285,"TN":20236.864339955722,"WN":18419.321231434205,"WF":19240.373530850273}
