{"BB":441430017.076224,"BL":578935628.967168,"BD":383745031.921152,"BH":578536859.2734721,"BR":266700667.92652804,"BN":494163729.88646406,"BS":464095541.60640013,"CB":340827252.12518394,"CA":542037188.4111362,"CF":387929709.345024,"CH":328522066.278912,"CT":435615701.824512,"CM":433559127.5642881,"CO":554335769.5096321,"CR":508825304.34278405,"CW":370317956.2790401,"CV":369517870.90944004,"DA":320582905.175808,"DD":522785790.61632,"DE":399880945.72800004,"DH":483736976.7943681,"DL":350425759.546368,"DG":778204403.488512,"DY":445533960.148992,"DN":351229375.81670403,"DT":550741924.1111041,"E":512840167.0064641,"EC":504668964.24806404,"EX":451894892.30899197,"EN":224894960.928,"EH":438098066.66419196,"FK":306253228.9512961,"FY":416957131.6416001,"G":446554963.38816005,"GL":474100553.22854406,"HA":264982162.12300804,"HG":358453852.99891204,"GU":456067361.24928,"HD":376864661.45433605,"HR":591327825.606144,"HP":228926544.67584002,"HS":475064872.15334415,"HU":460820140.3238401,"HX":421613774.94297606,"IG":594617179.9011841,"IV":403198788.6305281,"IP":536071289.048064,"KA":338234721.25132805,"KT":303422804.8473601,"KW":369625980.20198405,"KY":390384509.34067196,"LD":256654148.10393605,"L":340722815.35564804,"LA":328472173.396224,"LE":580609990.464768,"LN":333622708.27775997,"LU":466623750.21926403,"LL":410196872.95488,"LS":438279513.76281595,"ML":376677066.661632,"M":480977457.1683841,"MK":421179625.4307839,"ME":440855854.636032,"NE":330774076.0558081,"N":509003304.22655994,"NN":445214730.673152,"NG":350958037.19961596,"NR":459823367.367936,"OL":640128234.087936,"NW":265451314.8672,"NP":298622199.28780806,"OX":579471295.8988799,"PE":453674730.2123519,"PH":484192977.97939205,"PA":517549847.848704,"PL":426528669.67603207,"PO":495960169.78252804,"PR":356585330.5850881,"RG":487189315.79366404,"RM":712780865.1786242,"RH":331883313.18912,"SA":451551657.858048,"S":485822857.208832,"SG":426100909.25952005,"SE":465926147.875584,"SK":405233913.55392003,"SL":339321607.815168,"SN":394921691.03692806,"SM":378992436.311808,"SP":398409538.6022401,"SO":368032073.02963203,"SS":332273521.17273605,"SR":403760182.535424,"ST":405561057.78355205,"SW":331543059.243264,"SY":533424880.55577606,"TA":714994080.1090562,"TF":334963703.82182395,"TD":412534206.93196803,"TN":470899857.6944641,"TQ":496672468.65561604,"TR":551391674.2202882,"TW":454890766.6321921,"TS":327931794.30528,"UB":429394917.77740794,"W":420430057.3693441,"WC":426958979.29344,"WA":477692283.9490561,"WD":502392972.02688,"WF":537373373.8728962,"WR":376224071.73120004,"WS":424407103.66771203,"WN":316574357.577984,"ZE":349016730.59404796,"WV":215351338.57459202,"YO":420787222.301952,"AB":199766337.015168,"AL":174542238.76953602,"B":128005501.37126401,"BA":248732002.594944}
