{"WC":1932.3495955399676,"EC":2305.783502516736,"AL":18799.324490631177,"BD":22101.15678931355,"G":19863.73050794034,"BA":21759.324295864288,"DT":19504.700570944493,"B":19805.676796325362,"TD":20587.908277398525,"LS":20601.63450755945,"BB":21423.608964020736,"BS":20204.51934824294,"NE":19206.768310304247,"CR":17989.796668478968,"NR":20759.646815221236,"BR":16066.039444240902,"BL":21550.618334564377,"TW":18231.945641395174,"SM":16166.637258849792,"SR":21557.73449323931,"KA":19282.6842275359,"EX":22714.408791917525,"TA":23303.315925964773,"SP":21314.316636264957,"WN":19864.363598120453,"CF":20711.88818660968,"HR":22277.766772799958,"LD":20295.36841351217,"OL":19620.447488243717,"ML":19292.757304753173,"PL":22308.575597282314,"SY":18790.860557855238,"ME":18886.61263124276,"HP":19912.933567853568,"IV":19933.178690506775,"WD":18438.17971468493,"SE":19284.057577331732,"LL":21809.70882026956,"PO":20395.826968366066,"NN":20196.25317809513,"RM":15001.946463651844,"DN":18196.495224196606,"WF":21475.265797168126,"DE":18005.75543213569,"LU":21579.56655138664,"RG":18316.09886358068,"EH":19379.93152955906,"WV":22658.40117451468,"WS":20520.458591086055,"CW":18221.599973491226,"DD":20077.743828257295,"SS":16093.641824612369,"NW":18577.309917500956,"HA":19068.03034324529,"DH":19693.563861464074,"CA":21052.318651752976,"DL":20678.3535518208,"MK":20030.752109998055,"DY":21243.216867637257,"NG":20167.34285810535,"S":20180.430326757905,"W":19138.752083404812,"SL":20902.626317827566,"CO":18188.610648823284,"SG":16889.92995991912,"CH":18079.360949371392,"CB":20703.97786816974,"FY":21642.287733969413,"SW":16717.22719973221,"M":21053.360946613233,"AB":17546.77703796018,"KT":16219.95264329931,"SO":21504.17894316597,"ZE":16810.56226373993,"WR":21527.209582788128,"FK":19689.05857374724,"PE":20144.32941271447,"BN":20841.52594421146,"N":20242.56107965131,"UB":20966.208647510033,"BH":21425.789683077117,"CM":16572.063984689677,"TS":19849.458085738002,"SA":22107.571364127758,"HD":20563.678296691225,"LN":17260.83163492299,"RH":18964.155962188837,"GL":19762.978794983414,"HG":19359.817162887164,"IG":15656.000557367795,"L":19457.44488164507,"IP":20498.80309085034,"KY":20292.730441201118,"GU":18716.232238133773,"TF":20073.12547446834,"DA":17844.25395080908,"LA":20107.579939476494,"CT":17925.784199769598,"ST":18083.603572835305,"SN":21775.529636771338,"NP":21753.787322082848,"TN":17615.32002890035,"E":18827.90593795583,"LE":17305.41475101544,"EN":18517.922046835196,"YO":20682.469397601777,"WA":19990.080955113965,"OX":19939.682828533256,"HS":20756.402351967747,"TR":22010.484269081062,"TQ":22174.09104916686,"SK":19062.780972111337,"DG":18997.39690457241,"PR":20916.73603535156,"HU":20777.34477762662,"HX":21331.52573789952,"PH":19592.50069538151,"CV":20397.093110102018,"KW":19293.694895692828,"PA":17754.76357743055}
