{"BR":10038.045145835518,"CT":13091.813720409582,"BD":14166.354909864964,"BN":12874.4983995725,"B":12950.402941960716,"DH":11262.24905084928,"CF":13298.982062952968,"DE":11858.016940678654,"CH":13469.14087514265,"BB":13929.66890665576,"AB":11067.201289520628,"DD":12568.860220055021,"BS":13193.665188244995,"BA":14720.058030154752,"CA":11388.977996419604,"BL":12011.145584537098,"EC":76.632281307648,"WC":145.88271412070398,"HS":1959.8417551595528,"ZE":1202.354182706688,"LD":3650.2944461153293,"KW":4878.732863499263,"SM":8060.6366734924795,"DG":7920.785658373638,"TA":15428.446950495714,"PA":9263.498031304722,"TQ":12825.999389035005,"GU":13274.033149656567,"NG":12387.94540230298,"LE":12677.664401588729,"IG":7803.515754473471,"WV":11229.47820428546,"SR":9506.716825300986,"HX":11405.772305731583,"EX":13777.917352708595,"OX":14990.23340696221,"W":9326.566072581114,"BH":13827.213278208003,"WS":12485.707662219265,"HP":13422.502317768216,"SY":14040.259846271987,"PH":10862.46036559412,"HD":11335.591993955339,"HU":11311.655518969344,"DT":15115.583872147963,"LL":13072.54436877311,"UB":15580.813441222652,"KY":11548.2056034217,"LN":13065.126541784079,"LS":11544.283078479382,"PE":14525.939104934403,"CB":12872.486906256372,"MK":12730.453543425021,"ML":11096.405746094582,"HA":13809.791517857271,"NW":13381.927266470408,"L":11284.440308140025,"EN":12025.154080760849,"TR":13434.354190033926,"E":15499.536805564394,"KT":10447.628672042498,"SS":12622.032263453179,"TN":12034.576274890762,"SL":14105.16609313996,"FK":10490.487401788429,"SA":12622.084058580474,"ME":12703.935481104372,"IV":12447.157835160593,"CR":12324.25581949902,"PL":14318.30182529894,"NR":13245.304756349957,"WD":12415.69160009165,"EH":10782.192518254067,"M":11268.871353349634,"N":13769.032228858365,"AL":11121.744687128059,"SP":15053.67809267097,"S":12338.090506570745,"IP":14092.592043847688,"FY":12111.364810626039,"SK":10551.959179812873,"HR":14474.422419899905,"CW":10819.987144547324,"LA":11827.897031301116,"SE":13327.551420885524,"SO":13064.946649311734,"PR":11336.093433358845,"TW":12445.495176812563,"TD":null,"WR":12210.052256658424,"DY":11466.640270761989,"G":10087.947665275398,"TS":11500.363939097075,"WA":11159.092971518961,"RH":12491.694692269057,"NN":13934.113554290685,"PO":13100.425616272894,"NE":11514.713970304529,"CV":13243.319160597503,"RG":13115.518160177666,"DN":11779.277223402996,"CO":13245.956540669966,"YO":12095.497425521666,"NP":13264.504062898175,"KA":11255.646041164808,"HG":10770.707209489932,"GL":13874.358315451398,"SW":12877.072513113599,"OL":11237.033688122883,"TF":13863.65097645157,"SG":11952.859902077951,"WN":10829.722195150844,"LU":14152.2979208878,"RM":14048.483278680575,"CM":12667.138171725313,"DA":11060.224590159367,"DL":null,"SN":12941.910452984814,"ST":11806.29637750888,"WF":11860.408206991873}

