{"AB":26082.73464632983,"WC":906.3222805232642,"EC":1349.6853547077121,"HS":19761.31746917221,"BB":30699.35881854333,"BD":39092.914302216195,"PR":27547.68806768561,"CF":33255.10206161508,"OX":32382.019130224882,"B":33360.63242867942,"WD":27451.78401428812,"DG":28721.56399420491,"GL":38160.287030080464,"FY":24416.576976109776,"SY":32846.90733812505,"WF":33429.155798497515,"KY":28155.874647174933,"M":26932.388757424065,"NN":28636.639242849833,"LE":24583.11021629335,"NR":36475.03602217725,"TS":26425.277887244574,"HD":26380.66821697614,"UB":32800.940395407364,"CB":29356.795931139124,"BN":27826.601908824567,"BS":34503.35885512248,"NP":31896.082878637848,"SP":32959.5971713114,"PA":26057.913502072286,"TR":32465.451855538915,"OL":25634.358037499882,"WR":31704.071862532586,"IP":36158.10608969853,"EX":38080.82174649982,"S":29330.399026672094,"ME":26535.339635929333,"W":28727.209234994647,"DE":21962.503760212217,"LL":33409.18422570014,"CV":30850.264926150958,"SO":28267.809315001323,"TF":31135.513743949796,"AL":27056.83486784254,"WS":31025.58207532188,"YO":30580.950525852688,"LN":28041.44431167123,"BR":22931.62900374297,"HG":24816.26313971483,"DL":27452.426625347372,"HA":28913.327312956426,"CM":26171.861295089675,"BH":27770.333716097277,"DN":27366.23261978493,"NE":25308.76453955939,"PE":32423.375630688774,"LA":28969.263295239143,"CR":24988.15147205832,"CA":26918.372047108627,"HR":33753.30361628543,"CH":28295.366035064853,"SL":31776.93850418844,"WN":26144.884093363173,"ZE":23527.584552738834,"E":32288.83780041226,"EH":28531.538062080723,"EN":23726.135791581677,"PL":37029.58716697575,"BL":23916.773177865238,"DY":27378.39549455998,"SA":33882.56463611291,"TA":33709.71511340931,"SE":30323.478863183696,"ST":23086.735840371453,"CO":29310.195724432175,"HU":30225.460814131948,"ML":27182.954493243662,"WV":27192.471368299746,"SN":32554.431287946976,"BA":34241.99842189208,"LD":33153.1044975313,"RG":31219.13925258163,"LS":32628.51265923539,"TW":24347.241190128403,"KA":24544.62871876224,"RM":28202.62401753988,"HX":33474.48714045845,"L":28309.979010551036,"SR":23635.447013756162,"PO":29167.003675763703,"G":26597.426769162987,"KW":30080.20734707782,"NG":21756.345174812224,"DD":27531.92150798283,"GU":30310.823709391076,"HP":31008.477326770964,"RH":26492.737248933132,"SM":28831.267049080343,"TQ":34671.55976836997,"KT":27656.854055500025,"N":29882.19356475731,"DA":24822.04741817011,"FK":24910.198077042405,"PH":28673.85538078611,"CW":27415.10533287401,"TD":28011.16915209677,"SG":29323.546066552295,"DH":26219.968716826366,"IG":27144.07301901084,"DT":33660.34427938403,"LU":32206.058591072222,"MK":28428.432870207787,"SS":28558.602503126785,"SK":21084.666285906467,"IV":29421.36393252245,"WA":24768.049784518633,"CT":28850.788404675073,"TN":28945.67362744784,"SW":22637.148396521454,"NW":23782.151613420312}

